재료명	카테고리	기본양념
가래떡	processed.tteok	false
가리비	seafood.shellfish	false
가브리살	meat.pork	false
가쓰오부시	seafood.fish.driedfish	false
가염버터	dairy.milk	false
가자미	seafood.fish.whitefish	false
가지	agri.veg.fruitveg	false
간장	season.jang	true
갈매기살	meat.pork	false
갈치	seafood.fish.whitefish	false
감자	agri.veg.root	false
감자전분	agri.grain.starch	false
갑오징어	seafood.mollusk	false
갓김치	processed.kimchi	false
강낭콩	agri.legume	false
강력분	agri.grain.wheat	false
강황가루	season.powder	false
건고추	agri.veg.pepper	false
건미역	seafood.seaweed	false
건새우	seafood.crustacean	false
건포도	processed.othproc	false
건표고버섯	agri.mushroom	false
검은깨	agri.nutseed.seeds	false
검은콩	agri.legume	false
게살	seafood.crustacean	false
겨자가루	season.powder	false
겨자잎	agri.veg.leafy	false
계피가루	season.powder	false
고구마	agri.veg.root	false
고구마순	agri.veg.namul	false
고구마전분	agri.grain.starch	false
고다치즈	dairy.cheese	false
고등어	seafood.fish.bluefish	false
고사리	agri.veg.namul	false
고수	season.herb	false
고운고춧가루	season.powder	false
고추기름	season.oil	false
고추장	season.jang	true
고춧가루	season.powder	true
곤드레	agri.veg.namul	false
골뱅이	processed.canned	false
곱창	meat.beef	false
광어	seafood.fish.whitefish	false
국간장	season.jang	true
국거리용소고기	meat.beef	false
국물용멸치	seafood.fish.driedfish	false
군만두	processed.othproc	false
굴	seafood.shellfish	false
굴소스	season.sauce	true
굵은고춧가루	season.powder	false
굵은소금	season.sweetsalt	true
귀리	agri.grain.miscgrain	false
귤	agri.fruit.citrus	false
그릭요거트	dairy.fermented	false
그린빈	agri.veg.othveg	false
근대	agri.veg.leafy	false
기장	agri.grain.miscgrain	false
김	seafood.seaweed	false
까나리액젓	processed.jeotgal	false
깍두기	processed.kimchi	false
깻잎	agri.veg.leafy	false
꽁치	seafood.fish.bluefish	false
꽃게	seafood.crustacean	false
꽃소금	season.sweetsalt	true
꽈리고추	agri.veg.pepper	false
꿀	season.sweetsalt	false
끓는물	water	true
낙지	seafood.mollusk	false
난	processed.bread	false
날치알	processed.seafoodproc	false
낫토	processed.othproc	false
냉면사리	processed.noodle	false
냉수	water	true
냉이	agri.veg.namul	false
넛맥	season.herb	false
노가리	seafood.fish.driedfish	false
노두유	season.jang	false
노루궁뎅이버섯	agri.mushroom	false
녹두	agri.legume	false
느타리버섯	agri.mushroom	false
늙은호박	agri.veg.fruitveg	false
능이버섯	agri.mushroom	false
다시다	season.broth	true
다시마	seafood.seaweed	false
다진마늘	season.minced	true
다진생강	season.minced	false
다진파	season.minced	false
단무지	processed.kimchi	false
단호박	agri.veg.fruitveg	false
달걀	meat.egg	false
달걀노른자	meat.egg	false
달걀흰자	meat.egg	false
달래	agri.veg.namul	false
닭가슴살	meat.chicken	false
닭고기	meat.chicken	false
닭날개	meat.chicken	false
닭다리	meat.chicken	false
닭다리살	meat.chicken	false
닭똥집	meat.chicken	false
닭발	meat.chicken	false
닭볶음탕용닭	meat.chicken	false
닭봉	meat.chicken	false
닭안심	meat.chicken	false
당근	agri.veg.root	false
당면	processed.noodle	false
대게	seafood.crustacean	false
대구	seafood.fish.whitefish	false
대두	agri.legume	false
대창	meat.beef	false
대추	agri.fruit.stone	false
대추방울토마토	agri.veg.fruitveg	false
대파	agri.veg.stem	false
대하	seafood.crustacean	false
더덕	agri.veg.root	false
데리야끼소스	season.sauce	false
도라지	agri.veg.root	false
도미	seafood.fish.whitefish	false
도토리묵	processed.tofu	false
돈까스소스	season.sauce	false
동태	seafood.fish.whitefish	false
돼지갈비	meat.pork	false
돼지고기	meat.pork	false
돼지고기다짐육	meat.pork	false
돼지등심	meat.pork	false
돼지안심	meat.pork	false
된장	season.jang	true
두릅	agri.veg.namul	false
두반장	season.sauce	false
두부	processed.tofu	false
뒷다리살	meat.pork	false
들기름	season.oil	false
들깨	agri.nutseed.seeds	false
들깨가루	agri.nutseed.seeds	false
등갈비	meat.pork	false
딜	season.herb	false
딸기	agri.fruit.berry	false
땅콩	agri.nutseed.nuts	false
떡국떡	processed.tteok	false
떡볶이떡	processed.tteok	false
또띠아	processed.bread	false
뜨거운물	water	true
라면사리	processed.noodle	false
라이스페이퍼	processed.othproc	false
라임	agri.fruit.citrus	false
라즈베리	agri.fruit.berry	false
랍스터	seafood.crustacean	false
래디시	agri.veg.root	false
레드와인	season.vinegar	false
레몬	agri.fruit.citrus	false
레몬그라스	season.herb	false
레몬즙	season.vinegar	false
렌틸콩	agri.legume	false
로메인	agri.veg.leafy	false
로즈마리	season.herb	false
루꼴라	agri.veg.leafy	false
리코타치즈	dairy.cheese	false
마	agri.veg.root	false
마가린	season.oil	false
마늘	agri.veg.root	false
마늘가루	season.powder	false
마늘종	agri.veg.stem	false
마스카포네	dairy.cheese	false
마요네즈	season.sauce	true
마카다미아	agri.nutseed.nuts	false
마카로니	processed.noodle	false
만가닥버섯	agri.mushroom	false
만두	processed.othproc	false
맛간장	season.jang	false
맛살	processed.seafoodproc	false
맛소금	season.sweetsalt	false
맛술	season.vinegar	true
망고	agri.fruit.tropical	false
매생이	seafood.seaweed	false
매실	agri.fruit.stone	false
매실청	season.sweetsalt	false
맥주	season.vinegar	false
머스타드	season.sauce	false
메밀	agri.grain.miscgrain	false
메밀가루	agri.grain.miscgrain	false
메밀면	processed.noodle	false
메밀묵	processed.tofu	false
메추리알	meat.egg	false
멸치	seafood.fish.driedfish	false
멸치다시팩	season.broth	false
멸치액젓	processed.jeotgal	false
멸치육수	season.broth	false
명란젓	processed.jeotgal	false
명태	seafood.fish.whitefish	false
모닝빵	processed.bread	false
모시조개	seafood.shellfish	false
모짜렐라치즈	dairy.cheese	false
목살	meat.pork	false
목이버섯	agri.mushroom	false
무	agri.veg.root	false
무염버터	dairy.milk	false
무화과	agri.fruit.tropical	false
문어	seafood.mollusk	false
물	water	true
물만두	processed.othproc	false
물엿	season.sweetsalt	true
미나리	agri.veg.leafy	false
미림	season.vinegar	false
미소된장	season.jang	false
미역	seafood.seaweed	false
미원	season.broth	false
미지근한물	water	true
민어	seafood.fish.whitefish	false
민트	season.herb	false
밀가루	agri.grain.wheat	true
바게트	processed.bread	false
바나나	agri.fruit.tropical	false
바베큐소스	season.sauce	false
바지락	seafood.shellfish	false
바질	season.herb	false
박력분	agri.grain.wheat	false
발사믹식초	season.vinegar	false
발아현미	agri.grain.rice	false
밤	agri.nutseed.nuts	false
방어	seafood.fish.bluefish	false
방울양배추	agri.veg.leafy	false
방울토마토	agri.veg.fruitveg	false
배	agri.fruit.pome	false
배추	agri.veg.leafy	false
배추김치	processed.kimchi	false
백김치	processed.kimchi	false
백만송이버섯	agri.mushroom	false
백오이	agri.veg.fruitveg	false
백태	agri.legume	false
백합	seafood.shellfish	false
백후추	season.powder	false
뱅어포	seafood.fish.driedfish	false
버터	dairy.milk	false
번데기	processed.canned	false
베이컨	processed.meatproc	false
베이킹소다	processed.othproc	false
베이킹파우더	processed.othproc	false
병아리콩	agri.legume	false
병어	seafood.fish.whitefish	false
보리	agri.grain.miscgrain	false
복숭아	agri.fruit.stone	false
부채살	meat.beef	false
부추	agri.veg.leafy	false
부침가루	agri.grain.wheat	false
부침용두부	processed.tofu	false
북어	seafood.fish.whitefish	false
북어채	seafood.fish.driedfish	false
분유	dairy.milk	false
불고기용소고기	meat.beef	false
붕장어	seafood.fish.bluefish	false
브로콜리	agri.veg.othveg	false
브리치즈	dairy.cheese	false
블루베리	agri.fruit.berry	false
비엔나소시지	processed.meatproc	false
비트	agri.veg.root	false
빵가루	agri.grain.wheat	false
사각어묵	processed.seafoodproc	false
사골육수	season.broth	false
사과	agri.fruit.pome	false
사과식초	season.vinegar	false
사워크림	dairy.fermented	false
사태	meat.beef	false
산초가루	season.powder	false
살구	agri.fruit.stone	false
살라미	processed.meatproc	false
삼겹살	meat.pork	false
삼치	seafood.fish.bluefish	false
상추	agri.veg.leafy	false
새송이버섯	agri.mushroom	false
새우	seafood.crustacean	false
새우젓	processed.jeotgal	false
생강	agri.veg.root	false
생강즙	season.minced	false
생수	water	true
생크림	dairy.milk	false
서리태	agri.legume	false
석류	agri.fruit.tropical	false
설탕	season.sweetsalt	true
셀러리	agri.veg.stem	false
소갈비	meat.beef	false
소고기	meat.beef	false
소고기다시다	season.broth	false
소고기다짐육	meat.beef	false
소금	season.sweetsalt	true
소꼬리	meat.beef	false
소등심	meat.beef	false
소라	seafood.shellfish	false
소면	processed.noodle	false
소시지	processed.meatproc	false
소안심	meat.beef	false
소주	season.vinegar	false
송이버섯	agri.mushroom	false
수돗물	water	true
수수	agri.grain.miscgrain	false
수육용돼지고기	meat.pork	false
숙주	agri.veg.namul	false
순두부	processed.tofu	false
순무	agri.veg.root	false
스리라차	season.sauce	false
스위트칠리소스	season.sauce	false
스파게티면	processed.noodle	false
스팸	processed.meatproc	false
슬라이스치즈	dairy.cheese	false
슬라이스햄	processed.meatproc	false
시금치	agri.veg.leafy	false
시래기	agri.veg.namul	false
시리얼	processed.othproc	false
식빵	processed.bread	false
식용유	season.oil	true
식초	season.vinegar	true
실파	agri.veg.stem	false
쌀	agri.grain.rice	true
쌀가루	agri.grain.starch	false
쌀국수면	processed.noodle	false
쌈장	season.jang	false
쑥갓	agri.veg.leafy	false
아귀	seafood.fish.whitefish	false
아몬드	agri.nutseed.nuts	false
아보카도	agri.fruit.tropical	false
아삭이고추	agri.veg.pepper	false
아스파라거스	agri.veg.stem	false
아욱	agri.veg.leafy	false
알룰로스	season.sweetsalt	false
알배추	agri.veg.leafy	false
알타리무	agri.veg.root	false
앞다리살	meat.pork	false
애호박	agri.veg.fruitveg	false
야콘	agri.veg.root	false
양고기	meat.othmeat	false
양배추	agri.veg.leafy	false
양송이버섯	agri.mushroom	false
양조간장	season.jang	true
양지	meat.beef	false
양파	agri.veg.root	false
양파가루	season.powder	false
어묵	processed.seafoodproc	false
얼갈이배추	agri.veg.leafy	false
얼음	water	true
여주	agri.veg.fruitveg	false
연근	agri.veg.root	false
연두부	processed.tofu	false
연어	seafood.fish.bluefish	false
연어캔	processed.seafoodproc	false
연유	dairy.milk	false
열무	agri.veg.leafy	false
열무김치	processed.kimchi	false
오겹살	meat.pork	false
오레가노	season.herb	false
오렌지	agri.fruit.citrus	false
오리고기	meat.othmeat	false
오이	agri.veg.fruitveg	false
오이고추	agri.veg.pepper	false
오이지	processed.kimchi	false
오징어	seafood.mollusk	false
오징어젓	processed.jeotgal	false
오징어채	seafood.fish.driedfish	false
오크라	agri.veg.othveg	false
오트밀	agri.grain.miscgrain	false
옥수수	agri.veg.othveg	false
옥수수가루	agri.grain.miscgrain	false
옥수수전분	agri.grain.starch	false
옥수수콘	processed.canned	false
온수	water	true
올리고당	season.sweetsalt	true
올리브	processed.kimchi	false
올리브유	season.oil	true
완두콩	agri.legume	false
왕만두	processed.othproc	false
우동면	processed.noodle	false
우둔살	meat.beef	false
우럭	seafood.fish.whitefish	false
우삼겹	meat.beef	false
우스터소스	season.sauce	false
우엉	agri.veg.root	false
우유	dairy.milk	false
원추리	agri.veg.namul	false
월계수잎	season.herb	false
유부	processed.tofu	false
유자	agri.fruit.citrus	false
유자청	season.sweetsalt	false
은행	agri.nutseed.nuts	false
이스트	processed.othproc	false
임연수어	seafood.fish.whitefish	false
자두	agri.fruit.stone	false
자몽	agri.fruit.citrus	false
잔멸치	seafood.fish.driedfish	false
잣	agri.nutseed.nuts	false
장어	seafood.fish.bluefish	false
재첩	seafood.shellfish	false
저지방우유	dairy.milk	false
적상추	agri.veg.leafy	false
적양배추	agri.veg.leafy	false
적양파	agri.veg.root	false
전갱이	seafood.fish.bluefish	false
전복	seafood.shellfish	false
전분	agri.grain.starch	true
정수물	water	true
정어리	seafood.fish.bluefish	false
젤라틴	processed.othproc	false
조	agri.grain.miscgrain	false
조기	seafood.fish.whitefish	false
조미김	seafood.seaweed	false
조청	season.sweetsalt	false
족발	meat.pork	false
주꾸미	seafood.mollusk	false
주키니	agri.veg.fruitveg	false
죽순	agri.veg.stem	false
중력분	agri.grain.wheat	false
중면	processed.noodle	false
쥐포	seafood.fish.driedfish	false
진간장	season.jang	true
짜장면면	processed.noodle	false
쪽파	agri.veg.stem	false
찌개용두부	processed.tofu	false
차돌박이	meat.beef	false
찬물	water	true
참기름	season.oil	true
참깨	agri.nutseed.seeds	true
참치	seafood.fish.bluefish	false
참치캔	processed.seafoodproc	false
찹쌀	agri.grain.rice	false
찹쌀가루	agri.grain.starch	false
찹쌀떡	processed.tteok	false
창난젓	processed.jeotgal	false
채끝등심	meat.beef	false
채수	season.broth	false
천일염	season.sweetsalt	false
청각	seafood.seaweed	false
청경채	agri.veg.leafy	false
청국장	season.jang	false
청양고추	agri.veg.pepper	false
청어	seafood.fish.bluefish	false
청주	season.vinegar	false
청포도	agri.fruit.berry	false
청포묵	processed.tofu	false
체다치즈	dairy.cheese	false
체리	agri.fruit.stone	false
초고추장	season.jang	false
초콜릿	processed.othproc	false
총각김치	processed.kimchi	false
춘장	season.jang	false
취나물	agri.veg.namul	false
치아씨드	agri.nutseed.seeds	false
치커리	agri.veg.leafy	false
치킨스톡	season.broth	false
칠리소스	season.sauce	false
카놀라유	season.oil	false
카레가루	season.powder	false
칵테일새우	seafood.crustacean	false
칼국수면	processed.noodle	false
캐슈넛	agri.nutseed.nuts	false
케이퍼	processed.kimchi	false
케일	agri.veg.leafy	false
케첩	season.sauce	true
코다리	seafood.fish.whitefish	false
코코넛	agri.fruit.tropical	false
코코넛밀크	processed.canned	false
코코넛오일	season.oil	false
코코아파우더	processed.othproc	false
콜리플라워	agri.veg.othveg	false
콩나물	agri.veg.namul	false
콩비지	processed.tofu	false
퀴노아	agri.grain.miscgrain	false
큐민	season.herb	false
크래커	processed.othproc	false
크랜베리	agri.fruit.berry	false
크림치즈	dairy.cheese	false
키위	agri.fruit.tropical	false
키조개	seafood.shellfish	false
타르타르소스	season.sauce	false
타바스코	season.sauce	false
타임	season.herb	false
타피오카전분	agri.grain.starch	false
토란	agri.veg.root	false
토란대	agri.veg.namul	false
토마토	agri.veg.fruitveg	false
토마토페이스트	processed.canned	false
토마토홀	processed.canned	false
톳	seafood.seaweed	false
통닭	meat.chicken	false
통밀가루	agri.grain.wheat	false
통후추	season.powder	false
튀김가루	agri.grain.wheat	false
파김치	processed.kimchi	false
파래	seafood.seaweed	false
파마산치즈	dairy.cheese	false
파스타면	processed.noodle	false
파슬리	season.herb	false
파인애플	agri.fruit.tropical	false
파인애플캔	processed.canned	false
파프리카	agri.veg.fruitveg	false
파프리카가루	season.powder	false
팔각	season.herb	false
팥	agri.legume	false
팽이버섯	agri.mushroom	false
페퍼론치노	agri.veg.pepper	false
펜네	processed.noodle	false
포도	agri.fruit.berry	false
포도씨유	season.oil	false
폰즈소스	season.sauce	false
표고버섯	agri.mushroom	false
풋고추	agri.veg.pepper	false
프랑크소시지	processed.meatproc	false
플레인요거트	dairy.fermented	false
피망	agri.veg.fruitveg	false
피스타치오	agri.nutseed.nuts	false
피시소스	season.sauce	false
피자치즈	dairy.cheese	false
피칸	agri.nutseed.nuts	false
피클	processed.kimchi	false
한라봉	agri.fruit.citrus	false
한천	processed.othproc	false
한치	seafood.mollusk	false
할라피뇨	agri.veg.pepper	false
핫도그빵	processed.bread	false
항정살	meat.pork	false
해바라기씨	agri.nutseed.seeds	false
햄	processed.meatproc	false
햄버거번	processed.bread	false
헤이즐넛	agri.nutseed.nuts	false
현미	agri.grain.rice	false
현미식초	season.vinegar	false
호두	agri.nutseed.nuts	false
호박씨	agri.nutseed.seeds	false
홀그레인머스타드	season.sauce	false
홍고추	agri.veg.pepper	false
홍합	seafood.shellfish	false
화이트와인	season.vinegar	false
화자오	season.powder	false
황설탕	season.sweetsalt	false
황태	seafood.fish.whitefish	false
황태채	seafood.fish.driedfish	false
후추	season.powder	true
훈제오리	meat.othmeat	false
휘핑크림	dairy.milk	false
흑미	agri.grain.rice	false
흑설탕	season.sweetsalt	false
