순위,빈도,누적%,표현,결정,후보1,후보2,후보3,비고
1,2738,3.3,밥,,,,,닮은 이름 없음 — NEW 이거나 재료가 아닐 가능성이 큽니다
2,2419,6.3,깨소금,,소고기,시금치,소갈비,
3,1723,8.4,매실액,,매실,매실청,실파,
4,962,9.5,참치액,,참치,참치캔,삼치,
5,812,10.5,생강가루,,생강,생강즙,다진생강,
6,812,11.5,간마늘,,마늘종,마늘가루,간장,
7,731,12.4,채,,,,,닮은 이름 없음 — NEW 이거나 재료가 아닐 가능성이 큽니다
8,472,13.0,기름,,참기름,들기름,고추기름,
9,456,13.5,고추,,건고추,고추장,초고추장,
10,426,14.0,쌀뜨물,,찹쌀떡,쌀,찹쌀,
11,415,14.6,김가루,,메밀가루,김,고춧가루,
12,378,15.0,버섯,,표고버섯,팽이버섯,목이버섯,
13,371,15.5,생강술,,생강,생강즙,다진생강,
14,357,15.9,슈가파우더,,코코아파우더,베이킹파우더,아욱,
15,352,16.3,육수,,죽순,옥수수,복숭아,
16,311,16.7,다진대파,,다진파,다진마늘,다진생강,
17,307,17.1,다진양파,,다진파,양파가루,다진마늘,
18,301,17.4,대패삼겹살,,우삼겹,오겹살,부채살,
19,298,17.8,멸치다시마육수,,멸치다시팩,멸치육수,다시마,
20,293,18.2,김치국물,,파김치,갓김치,백김치,
21,283,18.5,토마토소스,,토마토,토마토홀,방울토마토,
22,270,18.8,견과류,,연근,,,
23,268,19.2,파마산치즈가루,,파마산치즈,한치,체다치즈,
24,253,19.5,마늘쫑,,마늘,마늘종,마늘가루,
25,251,19.8,양상추,,양송이버섯,양파,양지,
26,249,20.1,연겨자,,연근,겨자잎,겨자가루,
27,243,20.4,진미채,,다진마늘,현미,다진파,
28,240,20.7,요리당,,당근,당면,다시다,
29,236,21.0,참치액젓,,멸치액젓,까나리액젓,참치,
30,234,21.2,소세지,,소시지,굴소스,피시소스,
31,230,21.5,허브솔트,,폰즈소스,타르타르소스,돈까스소스,
32,223,21.8,아몬드가루,,아몬드,곤드레,메밀가루,
33,194,22.0,빨간 파프리카,,파프리카가루,팔각,쌀가루,
34,191,22.3,다진 양파,,다진파,양파가루,다진마늘,
35,186,22.5,다진 대파,,다진파,다진마늘,다진생강,
36,179,22.7,청피망,,청포도,청포묵,망고,
37,177,22.9,떡,,가래떡,떡국떡,찹쌀떡,
38,172,23.1,빨강파프리카,,파프리카가루,팔각,쌀가루,
39,170,23.3,비엔나소세지,,비엔나소시지,펜네,소시지,
40,168,23.5,쯔유,,올리브유,,,
41,168,23.7,면기,,소면,연근,중면,
42,167,23.9,노랑파프리카,,파프리카가루,프랑크소시지,소라,
43,165,24.1,매실액기스,,매실,매실청,백김치,
44,164,24.3,노란 파프리카,,파프리카가루,토란,토란대,
45,160,24.5,찬밥,,찬물,,,
46,159,24.7,다시마육수,,다시마,사골육수,멸치육수,
47,156,24.9,돼지고기 앞다리살,,돼지고기,뒷다리살,닭다리살,
48,153,25.1,땡초,,,,,닮은 이름 없음 — NEW 이거나 재료가 아닐 가능성이 큽니다
49,151,25.3,대접,,,,,닮은 이름 없음 — NEW 이거나 재료가 아닐 가능성이 큽니다
50,151,25.5,초코칩,,초콜릿,코코넛,브로콜리,
51,137,25.6,페페론치노,,페퍼론치노,한치,파마산치즈,
52,133,25.8,와사비,,,,,닮은 이름 없음 — NEW 이거나 재료가 아닐 가능성이 큽니다
53,133,26.0,순대,,순두부,근대,순무,
54,132,26.1,삶은계란,,굵은고춧가루,토란,은행,구조 차단: unrelated
55,132,26.3,스테이크소스,,프랑크소시지,베이컨,베이킹소다,
56,130,26.4,집된장,,간장,춘장,두반장,
57,129,26.6,식용류,,식용유,그릭요거트,식초,
58,129,26.8,간 마늘,,마늘종,마늘가루,간장,
59,124,26.9,봄동,,동태,우동면,,
60,122,27.1,바닐라익스트랙,,슬라이스햄,슬라이스치즈,라임,
61,119,27.2,빨강 파프리카,,파프리카가루,팔각,쌀가루,
62,117,27.3,김밥김,,파김치,갓김치,백김치,
63,117,27.5,홍피망,,망고,홍합,다시마,
64,117,27.6,코코아가루,,코코아파우더,코코넛,마가린,
65,116,27.8,무순,,수수,순무,죽순,
66,115,27.9,김칫국물,,파김치,갓김치,백김치,
67,114,28.0,어린잎채소,,정어리,채수,민어,
68,112,28.2,고운소금,,고운고춧가루,소고기,시금치,
69,108,28.3,매운고추,,고운고춧가루,고추장,굵은고춧가루,
70,106,28.4,생강청,,생강,생강즙,다진생강,
71,106,28.6,멸치가루,,멸치,잔멸치,멸치육수,
72,104,28.7,돼지고기앞다리살,,돼지고기,뒷다리살,닭다리살,
73,103,28.8,딸기잼,,딸기,살구,기장,
74,101,28.9,노랑 파프리카,,파프리카가루,프랑크소시지,소라,
75,96,29.1,핫소스,,맛소금,소시지,맛살,
76,96,29.2,땅콩버터,,땅콩,강낭콩,콩비지,
77,96,29.3,꼬막,,토마토,토마토홀,방울토마토,
78,96,29.4,머스터드,,머스타드,랍스터,우스터소스,
79,95,29.5,멸치 다시마 육수,,멸치다시팩,멸치육수,다시마,
80,92,29.6,새우살,,새우,건새우,새우젓,
81,92,29.8,빨간파프리카,,파프리카가루,팔각,쌀가루,
82,91,29.9,전분물,,전분,감자전분,고구마전분,
83,90,30.0,찬기,,찬물,만가닥버섯,,
84,90,30.1,녹인버터,,목이버섯,녹두,로메인,
85,89,30.2,연두,,연두부,연어,연유,
86,89,30.3,시나몬가루,,아몬드,메밀가루,고춧가루,
87,87,30.4,양파중,,양파,적양파,양파가루,
88,85,30.5,사이다,,라임,타임,다시다,
89,84,30.6,갈은깨,,검은깨,얼갈이배추,갈치,
90,84,30.7,아몬드슬라이스,,슬라이스햄,슬라이스치즈,아몬드,
91,84,30.8,머스터드소스,,머스타드,랍스터,홀그레인머스타드,
92,83,30.9,양파 작은것,,양파,적양파,양파가루,
93,83,31.0,다진당근,,다진파,다진마늘,다진생강,
94,82,31.1,다시육수,,멸치육수,사골육수,다시마,
95,82,31.2,만두피,,만두,물만두,왕만두,
96,81,31.3,배즙,,레몬즙,생강즙,,
97,81,31.4,다시마물,,다시마,다시다,소고기다시다,
98,81,31.5,갈색설탕,,갈치,소갈비,등갈비,
99,81,31.6,멸치다시육수,,멸치육수,멸치다시팩,멸치,
100,80,31.7,카레,,카레가루,마카로니,모짜렐라치즈,
101,80,31.8,참나물,,참깨,참치,물엿,
102,80,31.9,양파 작은거,,양파,적양파,양파가루,
103,77,32.0,돼지고기 목살,,돼지고기,돼지고기다짐육,수육용돼지고기,
104,76,32.1,뚝배기,,시래기,갈매기살,,
105,75,32.2,바닐라 익스트랙,,슬라이스햄,슬라이스치즈,라임,
106,75,32.3,김밥용김,,파김치,갓김치,백김치,
107,74,32.4,밀가루박력분,,밀가루,메밀가루,통밀가루,
108,73,32.5,핫케이크가루,,케일,케이퍼,베이컨,
109,72,32.5,호,,,,,닮은 이름 없음 — NEW 이거나 재료가 아닐 가능성이 큽니다
110,72,32.6,다크초콜릿,,브로콜리,콜리플라워,올리브,
111,71,32.7,노란파프리카,,파프리카가루,토란,토란대,
112,70,32.8,명란,,명란젓,토란,명태,
113,70,32.9,조림간장,,두반장,된장,춘장,
114,70,33.0,감자중,,감자,감자전분,쌈장,
115,69,33.1,코인육수,,사골육수,멸치육수,파인애플,
116,69,33.1,다진청양고추,,홍고추,양고기,다진파,
117,69,33.2,허니머스타드,,파스타면,피스타치오,이스트,
118,69,33.3,드라이이스트,,슬라이스햄,라이스페이퍼,슬라이스치즈,
119,69,33.4,쫄면,,메밀면,소면,중면,
120,68,33.5,공기밥,,홍고추,저지방우유,총각김치,
121,68,33.6,찹쌀풀,,찹쌀,찹쌀떡,찹쌀가루,
122,68,33.6,쌀뜬물,,찹쌀떡,쌀,순무,
123,67,33.7,머스타드소스,,머스타드,홀그레인머스타드,파스타면,
124,67,33.8,겨자,,겨자잎,겨자가루,,
125,67,33.9,다진 청양고추,,홍고추,양고기,다진파,
126,67,34.0,라면스프,,라면사리,파스타면,냉면사리,
127,67,34.0,옥수수통조림,,옥수수,옥수수콘,옥수수가루,
128,66,34.1,돈가스소스,,닭가슴살,레몬그라스,프랑크소시지,
129,66,34.2,파마산 치즈가루,,파마산치즈,한치,체다치즈,
130,65,34.3,곤약,,곤드레,,,
131,65,34.4,면수,,라면사리,임연수어,냉면사리,
132,65,34.4,꽁치통조림,,꽁치,보리,미림,
133,65,34.5,멸치 육수용,,멸치육수,멸치,멸치액젓,
134,64,34.6,송송 썬 대파,,양송이버섯,근대,토란대,
135,63,34.7,냉면육수,,냉면사리,사골육수,멸치육수,
136,62,34.8,양파즙,,양파,적양파,양파가루,
137,62,34.8,돼지고기목살,,돼지고기,돼지고기다짐육,수육용돼지고기,
138,62,34.9,김밥용 김,,파김치,갓김치,백김치,
139,61,35.0,볶은참깨,,닭볶음탕용닭,떡볶이떡,참치,
140,61,35.1,소고기국거리,,국거리용소고기,소고기,소고기다시다,
141,61,35.1,대파 10cm,,대파,,,
142,61,35.2,청양고춧가루,,청양고추,홍고추,풋고추,
143,61,35.3,소불고기,,불고기용소고기,소고기다시다,조기,
144,60,35.3,고추장 듬뿍,,고추장,초고추장,홍고추,
145,60,35.4,돼지등뼈,,돼지등심,돼지고기,돼지갈비,
146,60,35.5,미역줄기,,미역,건미역,숙주,
147,60,35.6,파뿌리,,원추리,메추리알,,
148,59,35.6,원당,,미원,당근,당면,
149,58,35.7,새싹채소,,채수,부채살,새송이버섯,
150,58,35.8,현미밥,,현미,발아현미,현미식초,
151,58,35.8,블랙올리브,,올리브유,올리고당,콜리플라워,
152,58,35.9,녹말물,,열무,녹두,물엿,
153,57,36.0,가는소금,,마늘,소고기,시금치,
154,57,36.1,쌀밥,,쌀,찹쌀,알배추,
155,57,36.1,스위트콘,,스위트칠리소스,야콘,타바스코,
156,57,36.2,다시마 멸치육수,,다시마,멸치다시팩,멸치,
157,57,36.3,아몬드 가루,,아몬드,곤드레,메밀가루,
158,57,36.3,돼지고기 안심,,돼지고기,돼지고기다짐육,수육용돼지고기,
159,56,36.4,바닐라에센스,,카놀라유,콜리플라워,슬라이스햄,
160,56,36.5,술,,맛술,,,
161,56,36.5,슬라이스아몬드,,슬라이스햄,슬라이스치즈,라이스페이퍼,
162,56,36.6,해바라기유,,해바라기씨,아스파라거스,파김치,
163,56,36.7,메이플시럽,,케이퍼,로메인,콜리플라워,
164,56,36.7,콩가루,,메밀가루,고춧가루,통밀가루,
165,56,36.8,쭈꾸미,,주꾸미,,,
166,56,36.9,썬파,,건포도,건표고버섯,다진파,
167,55,36.9,딸기쨈,,딸기,살구,달걀,
168,55,37.0,후춧가루 소량,,고춧가루,고운고춧가루,굵은고춧가루,
169,54,37.1,커피가루,,메밀가루,고춧가루,통밀가루,
170,54,37.1,두유,,우유,저지방우유,수육용돼지고기,
171,54,37.2,커피,,,,,닮은 이름 없음 — NEW 이거나 재료가 아닐 가능성이 큽니다
172,53,37.3,중멸치,,중면,멸치육수,멸치액젓,
173,53,37.3,스트링치즈,,이스트,토마토페이스트,꽁치,
174,52,37.4,새우가루,,새우,건새우,새우젓,
175,52,37.5,요리용나이프,,국거리용소고기,라이스페이퍼,불고기용소고기,
176,52,37.5,요거트,,그릭요거트,플레인요거트,,
177,52,37.6,다시팩,,다시마,다시다,소고기다시다,
178,52,37.7,짜장가루,,짜장면면,메밀가루,고춧가루,
179,52,37.7,허니머스터드,,머스타드,랍스터,홀그레인머스타드,
180,52,37.8,다진 당근,,다진파,다진마늘,다진생강,
181,51,37.8,옥수수캔,,옥수수,옥수수콘,옥수수가루,
182,51,37.9,참치통조림,,참치,참치캔,삼치,
183,50,38.0,영양부추,,양배추,적양배추,청양고추,
184,50,38.0,매실원액,,매실,매실청,실파,
185,50,38.1,돼지등갈비,,돼지갈비,돼지등심,소갈비,
186,50,38.1,김치 국물,,파김치,갓김치,백김치,
187,50,38.2,양파소,,양파,적양파,양파가루,
188,50,38.3,녹차가루,,마가린,메밀가루,고춧가루,
189,50,38.3,아가베시럽,,아귀,시래기,시리얼,
190,50,38.4,피클링스파이스,,피클,슬라이스햄,라이스페이퍼,
191,49,38.5,통삼겹살,,우삼겹,오겹살,항정살,
192,49,38.5,배춧잎,,배추,깻잎,알배추,
193,49,38.6,따뜻한 물,,단무지,순무,한치,
194,49,38.6,고추장 크게,,고추장,초고추장,홍고추,
195,49,38.7,삶은 계란,,굵은고춧가루,토란,은행,구조 차단: unrelated
196,48,38.7,케챱,,케첩,,,
197,48,38.8,쑥,,쑥갓,,,
198,47,38.9,돼지고기 찌개용,,돼지고기,수육용돼지고기,찌개용두부,
199,46,38.9,다진쪽파,,다진파,다진마늘,다진생강,
200,46,39.0,감자 중간크기,,감자,감자전분,쌈장,
201,46,39.0,고운 소금,,고운고춧가루,소고기,시금치,
202,46,39.1,남은치킨,,치킨스톡,검은깨,검은콩,
203,45,39.1,대패 삼겹살,,우삼겹,오겹살,부채살,
204,45,39.2,아몬드 슬라이스,,슬라이스햄,슬라이스치즈,아몬드,
205,45,39.3,홍파프리카,,파프리카가루,양파,피칸,
206,45,39.3,고운고추가루,,고운고춧가루,고춧가루,굵은고춧가루,
207,45,39.4,닭육수,,사골육수,멸치육수,닭안심,
208,44,39.4,통조림햄,,보리,미림,소꼬리,
209,44,39.5,감자 작은거,,감자,감자전분,쌈장,
210,44,39.5,바게트빵,,바게트,핫도그빵,스파게티면,
211,44,39.6,주황 파프리카,,파프리카가루,양파,피칸,
212,44,39.6,다시마 육수,,다시마,사골육수,멸치육수,
213,44,39.7,누룽지,,양지,붕장어,닭똥집,
214,43,39.7,청양고추가루,,청양고추,고춧가루,홍고추,
215,43,39.8,고추참치,,참치캔,삼치,홍고추,
216,43,39.8,해물믹스,,물만두,물,발사믹식초,
217,43,39.9,우동사리,,우동면,동태,미나리,
218,43,39.9,콘옥수수,,옥수수콘,옥수수가루,옥수수전분,
219,42,40.0,비엔나 소세지,,비엔나소시지,펜네,소시지,
220,42,40.0,돈까스,,돈까스소스,파슬리,타바스코,
221,42,40.1,볶은 참깨,,닭볶음탕용닭,떡볶이떡,참치,
222,42,40.1,스파게티소스,,스파게티면,바게트,스위트칠리소스,
223,42,40.2,배추잎,,배추,알배추,양배추,
224,42,40.3,계핏가루,,고춧가루,고운고춧가루,굵은고춧가루,
225,42,40.3,납작어묵,,북어,북어채,청포묵,
226,42,40.4,무말랭이,,냉이,달래,매생이,
227,41,40.4,소고기 국거리,,국거리용소고기,소고기,소고기다시다,
228,41,40.5,채망,,피망,망고,,
229,41,40.5,쌈무,,쌈장,,,
230,41,40.6,탄산수,,온수,소안심,우둔살,
231,40,40.6,햇반,,두반장,,,
232,40,40.7,모차렐라치즈,,젤라틴,루꼴라,셀러리,
233,40,40.7,세발나물,,족발,닭발,물엿,
234,40,40.7,흰설탕,,알타리무,달걀흰자,닭볶음탕용닭,
235,40,40.8,비정제황설탕,,흑설탕,황태,청주,
236,40,40.8,토마토케찹,,토마토,토마토홀,방울토마토,
237,40,40.9,슈거파우더,,코코아파우더,베이킹파우더,아욱,
238,40,40.9,베트남고추,,고추장,초고추장,고추기름,
239,39,41.0,콜라,,루꼴라,콜리플라워,초콜릿,
240,39,41.0,양파 중간크기,,양파,적양파,양파가루,
241,39,41.1,간생강,,생강즙,강황가루,생수,
242,38,41.1,매실엑기스,,매실,매실청,실파,
243,38,41.2,파프리카 빨강,,파프리카,파프리카가루,팔각,
244,38,41.2,체다슬라이스치즈,,슬라이스햄,체다치즈,라이스페이퍼,
245,38,41.3,다진홍고추,,다진파,청양고추,다진마늘,
246,38,41.3,체망,,피망,망고,,
247,38,41.4,고형카레,,카레가루,마카로니,모짜렐라치즈,
248,38,41.4,인스턴트드라이이스트,,슬라이스햄,라이스페이퍼,슬라이스치즈,
249,38,41.5,야채,,,,,닮은 이름 없음 — NEW 이거나 재료가 아닐 가능성이 큽니다
250,38,41.5,구운소금,,소고기,시금치,소갈비,
251,38,41.5,적채,,적상추,적양파,적양배추,
252,37,41.6,소고기 불고기용,,불고기용소고기,소고기,국거리용소고기,
253,37,41.6,현미유,,현미,발아현미,현미식초,
254,37,41.7,얼갈이,,얼갈이배추,갈치,팔각,
255,37,41.7,샐러드채소,,채수,셀러리,부채살,
256,37,41.8,돼지앞다리살,,뒷다리살,닭다리살,돼지안심,
257,37,41.8,송송썬파,,양송이버섯,건포도,송이버섯,
258,37,41.9,어간장,,두반장,된장,춘장,
259,37,41.9,매운고춧가루,,풋고추,건고추,홍고추,
260,37,42.0,소금 간맞추기,,소금,맛소금,꽃소금,
261,37,42.0,표고버섯가루,,표고버섯,건표고버섯,고춧가루,
262,37,42.0,만능간장,,두반장,된장,춘장,
263,36,42.1,뉴슈가,,,,,닮은 이름 없음 — NEW 이거나 재료가 아닐 가능성이 큽니다
264,36,42.1,감자 중,,감자,감자전분,쌈장,
265,36,42.2,주황파프리카,,파프리카가루,양파,피칸,
266,36,42.2,실온 무염버터,,가염버터,천일염,순무,
267,36,42.3,참기름 1바퀴,,참기름,들기름,고추기름,
268,36,42.3,국멸치,,멸치육수,멸치액젓,멸치다시팩,
269,36,42.3,김장김치,,쌈장,크림치즈,김,
270,36,42.4,참치 액,,참치,참치캔,삼치,
271,35,42.4,파프리카 노랑,,파프리카,파프리카가루,카놀라유,
272,35,42.5,슈가 파우더,,코코아파우더,베이킹파우더,아욱,
273,35,42.5,팥앙금,,당근,팥,망고,
274,35,42.6,씨겨자,,겨자잎,겨자가루,,
275,35,42.6,즉석밥,,흑설탕,석류,족발,
276,35,42.6,돼지고기 등심,,돼지고기,돼지고기다짐육,수육용돼지고기,
277,35,42.7,간양파,,양파가루,양조간장,양지,
278,35,42.7,럼주,,,,,닮은 이름 없음 — NEW 이거나 재료가 아닐 가능성이 큽니다
279,35,42.8,돼지고기안심,,돼지고기,돼지고기다짐육,수육용돼지고기,
280,34,42.8,미니새송이버섯,,양송이버섯,백만송이버섯,팽이버섯,
281,34,42.9,묵은김치,,크림치즈,김,굵은고춧가루,
282,34,42.9,소고기불고기,,불고기용소고기,소고기다시다,소고기다짐육,
283,34,42.9,치즈가루,,체다치즈,고다치즈,브리치즈,
284,34,43.0,밀가루 박력분,,밀가루,메밀가루,통밀가루,
285,34,43.0,식힘망,,피망,망고,식초,
286,34,43.1,칼국수,,칼국수면,쌀국수면,살구,
287,33,43.1,볶은소금,,닭볶음탕용닭,떡볶이떡,은행,
288,33,43.1,송송 썬 쪽파,,양송이버섯,송이버섯,베이킹소다,
289,33,43.2,황태포,,황태,황태채,명태,
290,33,43.2,양파대,,양파,적양파,양파가루,
291,33,43.3,녹인 버터,,목이버섯,녹두,로메인,
292,33,43.3,소금 소량,,소금,맛소금,꽃소금,
293,33,43.3,사과즙,,사과,사과식초,레몬즙,
294,33,43.4,돼지고기등심,,돼지고기,돼지고기다짐육,수육용돼지고기,
295,33,43.4,불린쌀,,쌀가루,올리브,파슬리,
296,33,43.5,부순 깨,,수수,순무,죽순,
297,33,43.5,불린 쌀,,쌀가루,올리브,파슬리,
298,32,43.5,참외,,참깨,참치,참치캔,
299,32,43.6,포크,,오크라,,,
300,32,43.6,돌나물,,물엿,물만두,차돌박이,
301,32,43.7,후추 소량,,후추,통후추,백후추,
302,32,43.7,다시물,,다시마,다시다,소고기다시다,
303,32,43.7,오레오,,오렌지,오레가노,훈제오리,
304,32,43.8,다진 쪽파,,다진파,다진마늘,다진생강,
305,32,43.8,들깻가루,,들깨,고춧가루,고운고춧가루,
306,32,43.9,아몬드파우더,,아몬드,코코아파우더,베이킹파우더,
307,32,43.9,송송 썬 파,,양송이버섯,건포도,송이버섯,
308,32,43.9,돼지고기 잡채용,,돼지고기,수육용돼지고기,돼지고기다짐육,
309,32,44.0,토마토 소스,,토마토,토마토홀,방울토마토,
310,32,44.0,소고기양지,,소고기,불고기용소고기,소고기다시다,
311,32,44.1,고추냉이,,홍고추,풋고추,건고추,
312,32,44.1,깻잎 1묶음,,깻잎,닭볶음탕용닭,얼음,
313,32,44.1,밀가루중력분,,밀가루,강력분,메밀가루,
314,32,44.2,인삼,,삼치,로메인,우둔살,
315,32,44.2,고구마줄기,,고구마,고구마전분,고구마순,
316,31,44.2,후추 톡,,후추,통후추,백후추,
317,31,44.3,감자 큰거,,감자,감자전분,쌈장,
318,31,44.3,쥬키니호박,,호박씨,주키니,박력분,
319,31,44.4,맛술 미림,,맛술,맛살,맛소금,
320,31,44.4,박력쌀가루,,박력분,밀가루,메밀가루,
321,31,44.4,오이피클,,오이,오이지,백오이,
322,31,44.5,다진김치,,다진파,다진마늘,다진생강,
323,31,44.5,양파 중,,양파,적양파,양파가루,
324,31,44.5,깻잎순,,깻잎,순무,죽순,
325,30,44.6,후추 2번,,후추,통후추,백후추,
326,30,44.6,다시마 5cm x 5cm,,다시마,다시다,소고기다시다,
327,30,44.7,두부 300g,,두부,순두부,연두부,
328,30,44.7,허브소금,,소고기,시금치,소갈비,
329,30,44.7,노,,,,,닮은 이름 없음 — NEW 이거나 재료가 아닐 가능성이 큽니다
330,30,44.8,만,,만두,물만두,왕만두,
331,30,44.8,참치 액젓,,멸치액젓,까나리액젓,참치,
332,30,44.8,바닐라빈,,바나나,루꼴라,살라미,
333,30,44.9,소고기 불고기감,,불고기용소고기,소고기,소고기다시다,
334,30,44.9,백앙금,,당근,백오이,망고,
335,30,44.9,닭 볶음탕용,,닭볶음탕용닭,닭봉,닭발,
336,30,45.0,멸치다시마 육수,,멸치다시팩,멸치육수,다시마,
337,30,45.0,파슬리가루 생략가능,,파슬리,계피가루,마늘가루,
338,30,45.1,슬라이스 아몬드,,슬라이스햄,슬라이스치즈,라이스페이퍼,
339,30,45.1,허브가루,,메밀가루,고춧가루,통밀가루,
340,30,45.1,감자 작은것,,감자,감자전분,쌈장,
341,30,45.2,대파뿌리,,대파,원추리,메추리알,
342,30,45.2,애느타리버섯,,팽이버섯,목이버섯,송이버섯,
343,30,45.2,시판된장,,간장,춘장,두반장,
344,30,45.3,핫케익가루,,케일,케이퍼,메밀가루,
345,30,45.3,홍청양고추,,홍고추,양고기,청어,
346,30,45.3,지리멸치,,멸치육수,멸치액젓,멸치다시팩,
347,30,45.4,쌈채소,,채수,삼치,참치,
348,29,45.4,훈제연어,,훈제오리,연어캔,연유,
349,29,45.5,채 썬 양파,,양파가루,양지,양배추,
350,29,45.5,구운김,,고운고춧가루,파김치,갓김치,
351,29,45.5,새싹,,,,,닮은 이름 없음 — NEW 이거나 재료가 아닐 가능성이 큽니다
352,29,45.6,보리새우,,보리,새우젓,소꼬리,
353,29,45.6,다시마멸치육수,,다시마,멸치다시팩,멸치,
354,29,45.6,매운 고춧가루,,풋고추,건고추,홍고추,
355,29,45.7,양파 큰거,,양파,적양파,양파가루,
356,29,45.7,부순깨,,수수,순무,죽순,
357,29,45.7,고운 고추가루,,고운고춧가루,고춧가루,굵은고춧가루,
358,28,45.8,돈가스 소스,,닭가슴살,레몬그라스,프랑크소시지,
359,28,45.8,미니파프리카,,파프리카가루,피칸,미나리,
360,28,45.8,실곤약,,실파,매실,곤드레,
361,28,45.9,바닐라오일,,오이,코코넛오일,오이지,
362,28,45.9,돼지고기 불고기용,,불고기용소고기,돼지고기,수육용돼지고기,
363,28,45.9,다시마우린물,,다시마,다시다,소고기다시다,
364,28,46.0,비엔나,,비엔나소시지,펜네,,
365,28,46.0,피자소스,,피자치즈,비엔나소시지,기장,
366,28,46.0,생와사비,,매생이,냉이,생수,
367,28,46.1,고추씨,,홍고추,풋고추,건고추,
368,27,46.1,깐메추리알,,원추리,날치알,또띠아,
369,27,46.1,치킨너겟,,치킨스톡,치커리,참치캔,
370,27,46.2,소고기 국거리용,,국거리용소고기,불고기용소고기,소고기,
371,27,46.2,양파 소,,양파,적양파,양파가루,
372,27,46.2,계란물,,단무지,순무,토란,
373,27,46.3,차가운 버터,,아욱,마가린,겨자가루,
374,27,46.3,불고기,,불고기용소고기,조기,소고기다시다,
375,27,46.3,청양고추 생략가능,,청양고추,홍고추,양고기,
376,27,46.4,대파 송송,,대파,양송이버섯,파슬리,
377,27,46.4,빵,,빵가루,식빵,모닝빵,
378,27,46.4,둥근호박,,호박씨,당근,미지근한물,
379,27,46.5,MSG,,,,,닮은 이름 없음 — NEW 이거나 재료가 아닐 가능성이 큽니다
380,27,46.5,국물멸치,,멸치육수,멸치액젓,멸치다시팩,
381,27,46.5,우스타소스,,머스타드,파스타면,피스타치오,
382,27,46.6,콜라비,,루꼴라,콜리플라워,초콜릿,
383,27,46.6,간 생강,,생강즙,강황가루,생수,
384,26,46.6,불닭소스,,스위트칠리소스,닭봉,통닭,
385,26,46.7,식용유 넉넉하게,,식용유,그릭요거트,수육용돼지고기,
386,26,46.7,돼지 앞다리살,,뒷다리살,닭다리살,돼지안심,
387,26,46.7,어린잎,,정어리,민어,깻잎,
388,26,46.8,자색양파,,양파가루,적양배추,양지,
389,26,46.8,연두순,,연두부,순두부,수수,
390,26,46.8,돼지고기 불고기,,돼지고기다짐육,수육용돼지고기,불고기용소고기,
391,26,46.9,반건조오징어,,오징어채,오징어젓,광어,
392,26,46.9,인스턴트커피,,치킨스톡,랍스터,우스터소스,
393,26,46.9,쌀엿,,물엿,쌀,찹쌀,
394,26,47.0,바질페스토,,바질,바지락,치킨스톡,
395,25,47.0,면보,,소면,전복,중면,
396,25,47.0,토마토스파게티소스,,스파게티면,토마토,토마토홀,
397,25,47.0,당근 소량,,당근,굵은소금,소라,
398,25,47.1,미숫가루,,고춧가루,고운고춧가루,굵은고춧가루,
399,25,47.1,땅콩분태,,땅콩,강낭콩,콩비지,
400,25,47.1,인스턴트 커피,,치킨스톡,랍스터,우스터소스,
401,25,47.2,체더치즈,,헤이즐넛,체다치즈,고다치즈,
402,25,47.2,레드페퍼,,레드와인,페퍼론치노,라이스페이퍼,
403,25,47.2,부순 참깨,,수수,순무,참치,
404,25,47.3,새우젓국물,,새우젓,국물용멸치,새우,
405,25,47.3,가는 소금,,마늘,소고기,시금치,
406,25,47.3,다진피클,,다진파,다진마늘,다진생강,
407,25,47.3,양파 작은 것,,양파,적양파,양파가루,
408,25,47.4,골뱅이국물,,골뱅이,국물용멸치,냉이,
409,25,47.4,간 양파,,양파가루,양조간장,양지,
410,25,47.4,오징어실채,,오징어,오징어채,갑오징어,
411,25,47.5,밀가루강력분,,밀가루,중력분,메밀가루,
412,25,47.5,잡채용 돼지고기,,돼지고기다짐육,오리고기,돼지갈비,
413,25,47.5,쌀국수,,쌀국수면,칼국수면,살구,
414,24,47.6,코인 육수,,사골육수,멸치육수,파인애플,
415,24,47.6,소고기등심,,소고기,소고기다시다,소고기다짐육,
416,24,47.6,홀그레인머스터드,,홀그레인머스타드,머스타드,플레인요거트,
417,24,47.6,참치 150g,,참치,참치캔,삼치,
418,24,47.7,밥 1그릇,,그린빈,그릭요거트,레몬그라스,
419,24,47.7,차가운 물,,순무,아욱,물엿,
420,24,47.7,누텔라,,젤라틴,모짜렐라치즈,루꼴라,
421,24,47.8,잼,,,,,닮은 이름 없음 — NEW 이거나 재료가 아닐 가능성이 큽니다
422,24,47.8,포도씨오일,,포도씨유,오이,포도,
423,24,47.8,인스턴트 드라이이스트,,슬라이스햄,라이스페이퍼,슬라이스치즈,
424,24,47.9,굵은고추가루,,굵은고춧가루,고춧가루,고운고춧가루,
425,24,47.9,판젤라틴,,모짜렐라치즈,간장,루꼴라,
426,24,47.9,물전분,,전복,물,분유,
427,24,47.9,미더덕,,더덕,,,
428,24,48.0,주키니호박,,주키니,호박씨,박력분,
429,23,48.0,반찬통,,한치,통닭,한천,
430,23,48.0,다진 홍고추,,다진파,청양고추,다진마늘,
431,23,48.1,찐고구마,,고구마순,고구마전분,소고기,
432,23,48.1,감자소,,감자,쌈장,감자전분,
433,23,48.1,식물성 오일,,오이,코코넛오일,오이지,
434,23,48.1,부침유,,부침용두부,부침가루,부추,
435,23,48.2,요리솔,,칠리소스,스위트칠리소스,피시소스,
436,23,48.2,메밀국수,,메밀,메밀가루,칼국수면,
437,23,48.2,미니단호박,,늙은호박,애호박,호박씨,
438,23,48.2,등심,,고등어,소안심,등갈비,
439,23,48.3,다진고추,,다진파,다진마늘,다진생강,
440,23,48.3,사골국물,,국물용멸치,사골육수,칼국수면,
441,23,48.3,인스턴트 드라이 이스트,,슬라이스햄,라이스페이퍼,슬라이스치즈,
442,23,48.4,불닭볶음면,,닭볶음탕용닭,닭봉,닭발,
443,23,48.4,골뱅이통조림,,골뱅이,냉이,뱅어포,
444,23,48.4,흰밥,,달걀흰자,,,
445,23,48.4,납작당면,,짜장면면,중면,우동면,
446,23,48.5,베이글,,베이컨,베이킹소다,케일,
447,23,48.5,자른미역,,현미,미원,끓는물,
448,23,48.5,레몬청,,레몬,레몬즙,레몬그라스,
449,23,48.6,소금 기호에맞게,,소금,맛소금,꽃소금,
450,23,48.6,소고기 양지,,소고기,불고기용소고기,소고기다시다,
451,23,48.6,돼지고기 삼겹살,,돼지고기,돼지고기다짐육,수육용돼지고기,
452,22,48.6,달걀물,,달걀,달걀흰자,달걀노른자,
453,22,48.7,스리라차소스,,스리라차,비엔나소시지,스위트칠리소스,
454,22,48.7,아기 간장,,두반장,된장,춘장,
455,22,48.7,대파 초록부분,,대파,중력분,강력분,
456,22,48.7,죽염,,북어,죽순,북어채,
457,22,48.8,육수팩,,사골육수,멸치육수,죽순,
458,22,48.8,말차가루,,마가린,메밀가루,고춧가루,
459,22,48.8,애플민트,,파인애플,파인애플캔,민어,
460,22,48.9,집고추장,,홍고추,풋고추,건고추,
461,22,48.9,통깨 팍팍,,대파,쪽파,통닭,
462,22,48.9,꽃빵,,꽃게,식빵,빵가루,
463,22,48.9,한천가루,,한천,한치,메밀가루,
464,22,49.0,김밥 김,,파김치,갓김치,백김치,
465,22,49.0,케쳡,,케첩,,,
466,22,49.0,마른표고버섯,,팽이버섯,목이버섯,송이버섯,
467,22,49.0,신라면,,라면사리,파스타면,소면,
468,22,49.1,소고기 등심,,소고기,소고기다시다,소고기다짐육,
469,22,49.1,채소,,채수,부채살,새송이버섯,
470,22,49.1,치킨,,치킨스톡,치커리,참치캔,
471,22,49.1,사골곰탕,,사골육수,사과,닭볶음탕용닭,
472,22,49.2,천연조미료,,조미김,천일염,도미,
473,21,49.2,채썬 양배추,,알배추,배추김치,얼갈이배추,
474,21,49.2,매셔,,매실,매생이,매실청,
475,21,49.3,감자 큰것,,감자,감자전분,쌈장,
476,21,49.3,파프리카노랑,,파프리카,파프리카가루,카놀라유,
477,21,49.3,샌드위치햄,,곤드레,아몬드,레드와인,
478,21,49.3,땅콩가루,,땅콩,강낭콩,메밀가루,
479,21,49.4,베이비채소,,베이컨,베이킹소다,새송이버섯,
480,21,49.4,바닐라향,,바나나,루꼴라,살라미,
481,21,49.4,맛타리버섯,,팽이버섯,목이버섯,송이버섯,
482,21,49.4,코코넛가루,,코코넛,코코넛밀크,코코넛오일,
483,21,49.5,청양고추 선택,,청양고추,홍고추,양고기,
484,21,49.5,실온 버터,,실파,매실,온수,
485,21,49.5,훈제오리고기,,훈제오리,돼지고기,소고기,
486,21,49.5,들기름참기름,,들기름,고추기름,딸기,
487,21,49.6,초코펜,,초콜릿,펜네,코코넛,
488,21,49.6,우리밀 중력분,,강력분,박력분,메밀,
489,21,49.6,볶음참깨,,닭볶음탕용닭,떡볶이떡,참치,
490,21,49.6,잡채,,,,,닮은 이름 없음 — NEW 이거나 재료가 아닐 가능성이 큽니다
491,21,49.7,청량초,,청어,조청,청주,
492,21,49.7,썬 대파,,근대,토란대,번데기,
493,21,49.7,오리훈제,,훈제오리,오리고기,보리,
494,21,49.7,매실진액,,매실,매실청,파인애플,
495,20,49.8,비정제 황설탕,,흑설탕,황태,청주,
496,20,49.8,김자반,,김,감자,쌈장,
497,20,49.8,밥새우,,새우젓,랍스터,새우,
498,20,49.8,깻가루,,고춧가루,고운고춧가루,메밀가루,
499,20,49.9,양파 큰것,,양파,적양파,양파가루,
500,20,49.9,청홍고추,,청양고추,풋고추,건고추,
501,20,49.9,감자대,,감자,쌈장,감자전분,
502,20,49.9,다진 피클,,다진파,다진마늘,다진생강,
503,20,50.0,바닐라엑스트렉,,이스트,카놀라유,콜리플라워,
504,20,50.0,마른홍고추,,청양고추,풋고추,건고추,
505,20,50.0,케챂,,케첩,,,
506,20,50.0,스프링클,,휘핑크림,파프리카,생크림,
507,20,50.1,올리고당물엿,,올리고당,올리브,올리브유,
508,20,50.1,청양홍고추,,청양고추,청어,풋고추,
509,20,50.1,다진 쇠고기,,다진생강,다진파,소고기다짐육,
510,20,50.1,허니머스터드소스,,머스타드,랍스터,홀그레인머스타드,
511,20,50.1,조랭이떡,,떡볶이떡,냉이,매생이,
512,20,50.2,풋마늘,,마늘종,마늘가루,풋고추,
513,20,50.2,수박,,애호박,호박씨,단호박,
514,20,50.2,LA갈비,,갈치,알배추,갈매기살,
515,20,50.2,멸치다싯물,,멸치다시팩,멸치,다시다,
516,19,50.3,비름나물,,참기름,들기름,고추기름,
517,19,50.3,초록 파프리카,,파프리카가루,쪽파,피칸,
518,19,50.3,냉동만,,우동면,왕만두,냉이,
519,19,50.3,다진 김치,,다진파,다진마늘,다진생강,
520,19,50.4,참치캔 150g,,참치캔,참치,삼치,
521,19,50.4,갈은 깨,,검은깨,얼갈이배추,갈치,
522,19,50.4,무쌈,,쌈장,,,
523,19,50.4,코코아 가루,,코코아파우더,코코넛,마가린,
524,19,50.5,채썬양파,,양파가루,양지,양배추,
525,19,50.5,블랙 올리브,,올리브유,올리고당,콜리플라워,
526,19,50.5,양파껍질,,양파,적양파,양파가루,
527,19,50.5,따뜻한물,,단무지,순무,한치,
528,19,50.5,홀토마토,,토마토홀,대추방울토마토,토마토페이스트,
529,19,50.6,실고추,,고추장,초고추장,고추기름,
530,19,50.6,쟁,,,,,닮은 이름 없음 — NEW 이거나 재료가 아닐 가능성이 큽니다
531,19,50.6,실온 달걀,,달걀흰자,달걀노른자,실파,
532,19,50.6,후추가루 소량,,후추,옥수수가루,밀가루,
533,19,50.7,맛술미림,,맛술,맛살,맛소금,
534,19,50.7,흰후추,,부추,달걀흰자,후추,
535,19,50.7,과일,,케일,천일염,레드와인,
536,19,50.7,우거지,,저지방우유,,,
537,19,50.8,대파잎,,대파,겨자잎,파인애플,
538,19,50.8,와인,,로메인,파인애플,파인애플캔,
539,19,50.8,양파 1/,,양파,적양파,양파가루,
540,19,50.8,천연조미료육수,,사골육수,멸치육수,조미김,
541,18,50.8,두부면,,두부,순두부,연두부,
542,18,50.9,파프리카빨강,,파프리카,파프리카가루,팔각,
543,18,50.9,매운 고추,,고운고춧가루,고추장,굵은고춧가루,
544,18,50.9,다진마늘 듬뿍,,다진마늘,마늘,다진파,
545,18,50.9,플레인요구르트,,플레인요거트,파인애플,파인애플캔,
546,18,51.0,리챔,,브리치즈,,,
547,18,51.0,돼지고기앞다리,,돼지고기,앞다리살,돼지고기다짐육,
548,18,51.0,매운 고추가루,,고운고춧가루,고춧가루,굵은고춧가루,
549,18,51.0,관자,,간장,된장,춘장,
550,18,51.0,밥 2그릇,,그린빈,그릭요거트,레몬그라스,
551,18,51.1,냉면 육수,,냉면사리,사골육수,멸치육수,
552,18,51.1,화이트초콜릿,,브로콜리,화이트와인,콜리플라워,
553,18,51.1,멸치다시백,,멸치다시팩,멸치,다시다,
554,18,51.1,바질잎,,바질,바지락,가지,
555,18,51.2,참기름들기름,,참기름,고추기름,딸기,
556,18,51.2,다시마 우린물,,다시마,다시다,소고기다시다,
557,18,51.2,돼지 등갈비,,돼지갈비,돼지등심,소갈비,
558,18,51.2,저염 간장,,두반장,된장,춘장,
559,18,51.2,멸치다시다,,멸치다시팩,멸치,잔멸치,
560,18,51.3,레몬주스,,레몬즙,레몬,레몬그라스,
561,18,51.3,양파청,,양파,적양파,양파가루,
562,18,51.3,페페로치노,,페퍼론치노,,,
563,18,51.3,수삼,,우삼겹,수수,삼치,
564,18,51.3,곶감,,감자,감자전분,,
565,18,51.4,치킨파우더,,베이킹파우더,코코아파우더,치킨스톡,
566,18,51.4,채 썬 파,,건포도,건표고버섯,다진파,
567,18,51.4,북어포,,북어,북어채,뱅어포,
568,18,51.4,물엿올리고당,,물엿,올리브,올리브유,
569,18,51.5,호박잎,,애호박,호박씨,단호박,
570,17,51.5,자일로스설탕,,알룰로스,겨자잎,칠리소스,
571,17,51.5,감자 작은 것,,감자,감자전분,쌈장,
572,17,51.5,아보카도오일,,아보카도,오이,코코넛오일,
573,17,51.5,초장,,기장,장어,간장,
574,17,51.6,후추 3번,,후추,통후추,백후추,
575,17,51.6,스팸 작은거,,스팸,굵은고춧가루,감자,
576,17,51.6,샤브샤브용 소고기,,소고기다시다,소고기다짐육,수육용돼지고기,
577,17,51.6,조선호박,,호박씨,박력분,차돌박이,
578,17,51.6,깻잎 2묶음,,깻잎,닭볶음탕용닭,얼음,
579,17,51.7,탈지분유,,문어,연유,전분,
580,17,51.7,두부 1모,,두부,순두부,연두부,
581,17,51.7,채썬 양파,,양파가루,양지,양배추,
582,17,51.7,염장미역줄기,,미역,건미역,쌈장,
583,17,51.7,생강술 맛술,,생강,생강즙,다진생강,
584,17,51.8,판어묵,,민어,연어,문어,
585,17,51.8,소금 데칠때,,소금,맛소금,꽃소금,
586,17,51.8,매실 진액,,매실,매실청,파인애플,
587,17,51.8,명엽채,,명태,병어,명란젓,
588,17,51.9,비정제 설탕,,청주,정어리,콩비지,
589,17,51.9,허니머스타드소스,,머스타드,홀그레인머스타드,파스타면,
590,17,51.9,볶음깨,,닭볶음탕용닭,떡볶이떡,참깨,
591,17,51.9,육수다시팩,,멸치다시팩,사골육수,멸치육수,
592,17,51.9,홍합살,,홍합,오겹살,삼겹살,
593,16,52.0,캐첩,,재첩,케첩,,
594,16,52.0,대파 다진 것,,다진파,대파,다진마늘,
595,16,52.0,홍고추 생략가능,,홍고추,청양고추,풋고추,
596,16,52.0,수저,,옥수수전분,새우젓,,
597,16,52.0,후랑크소시지,,모시조개,폰즈소스,타르타르소스,
598,16,52.1,허브맛솔트,,맛소금,맛살,맛술,
599,16,52.1,대파 1뼘,,대파,,,
600,16,52.1,감자전분가루,,감자전분,전분,고구마전분,
601,16,52.1,플레인 요구르트,,플레인요거트,파인애플,파인애플캔,
602,16,52.1,크레미,,레몬,메밀,오크라,
603,16,52.1,후리가케,,원추리,꽈리고추,오리고기,
604,16,52.2,돈가스,,닭가슴살,돈까스소스,레몬그라스,
605,16,52.2,대파 썰어서,,대파,얼음,표고버섯,
606,16,52.2,닭안심살,,닭안심,소안심,돼지안심,
607,16,52.2,요구르트,,두릅,이스트,타르타르소스,
608,16,52.2,조각다시마,,다시다,양조간장,소고기다시다,
609,16,52.3,소고기 불고깃감,,불고기용소고기,소고기,소고기다시다,
610,16,52.3,마시멜로우,,다시마,다시다,셀러리,
611,16,52.3,양파 다진것,,양파,다진파,적양파,
612,16,52.3,참기름 2바퀴,,참기름,들기름,고추기름,
613,16,52.3,발사믹소스,,발사믹식초,스위트칠리소스,족발,
614,16,52.4,밀가루풀,,밀가루,메밀가루,통밀가루,
615,16,52.4,된장 듬뿍,,된장,미소된장,간장,
616,16,52.4,다시마 10* 10,,다시마,다시다,소고기다시다,
617,16,52.4,식용색소,,식용유,그릭요거트,불고기용소고기,
618,16,52.4,물녹말,,물,녹두,물엿,
619,16,52.5,우렁이,,우럭,냉이,청어,
620,15,52.5,간 깨,,간장,검은깨,진간장,
621,15,52.5,스팸 200g,,스팸,스파게티면,아스파라거스,
622,15,52.5,컵,,,,,닮은 이름 없음 — NEW 이거나 재료가 아닐 가능성이 큽니다
623,15,52.5,동전육수,,사골육수,멸치육수,옥수수전분,
624,15,52.6,떡볶이,,떡볶이떡,닭볶음탕용닭,가래떡,
625,15,52.6,슬라이스 체다치즈,,슬라이스치즈,슬라이스햄,고다치즈,
626,15,52.6,매실즙,,매실,매실청,실파,
627,15,52.6,꽁치캔,,꽁치,참치캔,치커리,
628,15,52.6,돼지고기삼겹살,,돼지고기,돼지고기다짐육,수육용돼지고기,
629,15,52.6,핫케이크 가루,,케일,케이퍼,베이컨,
630,15,52.7,샤인머스켓,,홀그레인머스타드,머스타드,로메인,
631,15,52.7,다지기,,다진파,가지,돼지고기다짐육,
632,15,52.7,자른 다시마,,다시다,소고기다시다,멸치다시팩,
633,15,52.7,쌀조청,,쌀,청어,청주,
634,15,52.7,시나몬 가루,,아몬드,메밀가루,고춧가루,
635,15,52.8,통조림옥수수,,옥수수콘,옥수수가루,옥수수전분,
636,15,52.8,콩나물 300g,,콩나물,취나물,강낭콩,
637,15,52.8,오만둥이,,만두,물만두,왕만두,
638,15,52.8,드라이 이스트,,슬라이스햄,라이스페이퍼,슬라이스치즈,
639,15,52.8,떡사리,,적상추,미나리,목살,
640,15,52.8,청오이,,청어,오이지,오이고추,
641,15,52.9,소금 기호에 맞게 가감,,소금,맛소금,꽃소금,
642,15,52.9,마른김,,파김치,갓김치,백김치,
643,15,52.9,다진쇠고기,,다진생강,다진파,소고기다짐육,
644,15,52.9,카스테라,,파스타면,이스트,랍스터,
645,15,52.9,달래 1묶음,,달래,닭볶음탕용닭,달걀,
646,15,53.0,건새우가루,,건새우,새우,새우젓,
647,15,53.0,얼음물,,얼음,물엿,시리얼,
648,15,53.0,묵은지김치,,조미김,크림치즈,김,
649,15,53.0,짜파게티,,스파게티면,바게트,파김치,
650,15,53.0,다진마늘 크게,,다진마늘,마늘,다진파,
651,15,53.0,열무김치국물,,열무김치,배추김치,열무,
652,15,53.1,잣가루,,고춧가루,고운고춧가루,메밀가루,
653,15,53.1,새우젓 국물,,새우젓,국물용멸치,새우,
654,14,53.1,도토리가루,,도토리묵,오리고기,메밀가루,
655,14,53.1,알육수,,사골육수,멸치육수,죽순,
656,14,53.1,물 200ml,,물,물엿,찬물,
657,14,53.1,각종채소,,채수,꽁치,낙지,
658,14,53.2,양배추잎,,양배추,적양배추,방울양배추,
659,14,53.2,호떡믹스,,발사믹식초,흑미,가래떡,
660,14,53.2,자숙새우,,새우젓,숙주,죽순,
661,14,53.2,참치캔 100g,,참치캔,참치,삼치,
662,14,53.2,스팸 햄,,스팸,햄버거번,스파게티면,
663,14,53.3,비닐백,,백태,주키니,백합,
664,14,53.3,럼,,,,,닮은 이름 없음 — NEW 이거나 재료가 아닐 가능성이 큽니다
665,14,53.3,볶은통깨,,닭볶음탕용닭,떡볶이떡,은행,
666,14,53.3,꼬지,,오징어,오징어채,갑오징어,
667,14,53.3,다진 땅콩,,다진파,강낭콩,다진마늘,
668,14,53.3,고춧가루 듬뿍,,고춧가루,고운고춧가루,굵은고춧가루,
669,14,53.4,후랑크소세지,,프랑크소시지,폰즈소스,타르타르소스,
670,14,53.4,올리고당 2바퀴,,올리고당,올리브,올리브유,
671,14,53.4,빨간고추,,팔각,쌀가루,고추장,
672,14,53.4,참치 통조림,,참치,참치캔,삼치,
673,14,53.4,소고기샤브샤브,,소고기,소고기다시다,소고기다짐육,
674,14,53.4,식물성오일,,오이,코코넛오일,오이지,
675,14,53.5,청양고추 기호에맞게,,청양고추,고추기름,홍고추,
676,14,53.5,닭볶음용,,닭볶음탕용닭,닭봉,닭발,
677,14,53.5,냉장고속야채,,망고,붕장어,고수,
678,14,53.5,콩나물 크게,,콩나물,취나물,강낭콩,
679,14,53.5,다진고기,,다진파,소고기다짐육,다진마늘,
680,14,53.5,미니 새송이버섯,,양송이버섯,백만송이버섯,팽이버섯,
681,14,53.6,김치통,,파김치,갓김치,백김치,
682,14,53.6,물 1소주잔,,소주,물,물엿,
683,14,53.6,김치 1국그릇,,파김치,갓김치,백김치,
684,14,53.6,튀김유,,튀김가루,김,소고기다짐육,
685,14,53.6,슬라이스체다치즈,,슬라이스치즈,슬라이스햄,고다치즈,
686,14,53.6,쥐똥고추,,고추장,초고추장,고추기름,
687,14,53.7,썰은 대파,,근대,얼음,은행,
688,14,53.7,아이스크림,,크림치즈,슬라이스햄,라이스페이퍼,
689,14,53.7,돌미나리,,까나리액젓,고사리,코다리,
690,14,53.7,면,,라면사리,냉면사리,소면,
691,14,53.7,방풍나물,,방어,물엿,물만두,
692,14,53.7,동그랑땡,,레몬그라스,프랑크소시지,동태,
693,14,53.8,절임용 소금,,불고기용소고기,국거리용소고기,부침용두부,
694,14,53.8,고등어통조림,,고등어,소등심,보리,
695,14,53.8,소고기사태,,소고기,소고기다시다,소고기다짐육,
696,14,53.8,멸치 다시 육수,,멸치육수,멸치다시팩,멸치,
697,14,53.8,짜장라면,,짜장면면,라면사리,파스타면,
698,14,53.8,단호박가루,,단호박,늙은호박,애호박,
699,14,53.9,다시백,,다시마,다시다,소고기다시다,
700,14,53.9,볶은 소금,,닭볶음탕용닭,떡볶이떡,은행,
701,14,53.9,돼지고기 불고기감,,돼지고기,돼지고기다짐육,수육용돼지고기,
702,14,53.9,소주 1/2병,,소주,병어,병아리콩,
703,13,53.9,스테비아,,또띠아,이스트,랍스터,
704,13,53.9,감자 중간사이즈,,감자,감자전분,쌈장,
705,13,54.0,미림맛술,,미림,맛살,맛소금,
706,13,54.0,섬초,,,,,닮은 이름 없음 — NEW 이거나 재료가 아닐 가능성이 큽니다
707,13,54.0,마른 청양고추,,홍고추,양고기,청어,
708,13,54.0,모짜렐라치즈 원하는,,모짜렐라치즈,체다치즈,고다치즈,
709,13,54.0,닭가슴살 2덩어리,,닭가슴살,정어리,청어,
710,13,54.0,동태포,,동태,명태,황태,
711,13,54.1,스팸 작은것,,스팸,굵은고춧가루,감자,
712,13,54.1,돼지고기 갈은것,,돼지고기,돼지갈비,돼지고기다짐육,
713,13,54.1,참기름 1방울,,참기름,방울토마토,방울양배추,
714,13,54.1,골뱅이캔,,골뱅이,냉이,뱅어포,
715,13,54.1,레몬쥬스,,레몬즙,레몬,레몬그라스,
716,13,54.1,물 1머그컵,,물,물엿,찬물,
717,13,54.2,대파초록부분,,대파,중력분,강력분,
718,13,54.2,설탕 1/,,설탕,흑설탕,황설탕,
719,13,54.2,오레오쿠키,,오렌지,오레가노,훈제오리,
720,13,54.2,건과일,,건고추,케일,건새우,
721,13,54.2,홍고추 선택,,홍고추,청양고추,풋고추,
722,13,54.2,김발,,김,족발,닭발,
723,13,54.2,다크 초콜릿,,브로콜리,콜리플라워,올리브,
724,13,54.3,두부 찌개용,,찌개용두부,두부,부침용두부,
725,13,54.3,찐감자,,감자전분,쌈장,진간장,
726,13,54.3,다시마 육수용,,다시마,사골육수,멸치육수,
727,13,54.3,굴비,,굴,소갈비,굴소스,
728,13,54.3,올리고당설탕,,올리고당,올리브,올리브유,
729,13,54.3,후리카케,,파프리카,파프리카가루,피칸,
730,13,54.4,해바라기씨유,,해바라기씨,포도씨유,아스파라거스,
731,13,54.4,볶음소금,,닭볶음탕용닭,떡볶이떡,소고기,
732,13,54.4,대파 or쪽파,,대파,쪽파,,
733,13,54.4,송송 썬 청양고추,,홍고추,양고기,양송이버섯,
734,13,54.4,밴댕이,,냉이,매생이,전갱이,
735,13,54.4,대파 다진것,,다진파,대파,다진마늘,
736,13,54.5,밀가루 중력분,,밀가루,강력분,메밀가루,
737,13,54.5,비빔면,,소면,가리비,중면,
738,13,54.5,시판 된장,,간장,춘장,두반장,
739,13,54.5,메이플 시럽,,케이퍼,로메인,콜리플라워,
740,13,54.5,연어통조림,,연어,연어캔,연유,
741,13,54.5,크림소스,,생크림,크림치즈,사워크림,
742,13,54.5,감자中,,감자,쌈장,감자전분,
743,13,54.6,고춧기름,,고춧가루,풋고추,고운고춧가루,
744,13,54.6,돼지고기 뒷다리살,,돼지고기,돼지고기다짐육,앞다리살,
745,13,54.6,당근 작은것,,당근,달걀노른자,굵은고춧가루,
746,13,54.6,소고기 샤브샤브용,,소고기,불고기용소고기,국거리용소고기,
747,13,54.6,B.P,,,,,닮은 이름 없음 — NEW 이거나 재료가 아닐 가능성이 큽니다
748,13,54.6,깻잎 3묶음,,깻잎,닭볶음탕용닭,얼음,
749,12,54.7,토마토파스타소스,,토마토페이스트,토마토,파스타면,
750,12,54.7,국거리소고기,,소고기다시다,소고기다짐육,닭고기,
751,12,54.7,국간장조선간장,,두반장,쑥갓,된장,
752,12,54.7,푸실리,,칠리소스,실파,매실,
753,12,54.7,바닐라설탕,,바나나,루꼴라,살라미,
754,12,54.7,청양 고춧가루,,청양고추,홍고추,풋고추,
755,12,54.7,통조림 햄,,보리,미림,소꼬리,
756,12,54.8,무 중간크기,,생강,청각,중면,
757,12,54.8,다진 호두,,다진파,다진마늘,다진생강,
758,12,54.8,레몬제스트,,레몬즙,레몬,레몬그라스,
759,12,54.8,찐 고구마,,고구마순,고구마전분,소고기,
760,12,54.8,양파小,,양파,적양파,양파가루,
761,12,54.8,옥수수 통조림,,옥수수,옥수수콘,옥수수가루,
762,12,54.8,쥬키니 호박,,호박씨,주키니,박력분,
763,12,54.9,피넛버터,,넛맥,코코넛,캐슈넛,
764,12,54.9,파 잘게 썬,,살구,딸기,달걀,
765,12,54.9,베이킹파우다,,베이킹파우더,베이킹소다,베이컨,
766,12,54.9,땅콩잼,,땅콩,강낭콩,콩비지,
767,12,54.9,분당,,분유,당근,전분,
768,12,54.9,흑후추가루,,백후추,후추,통후추,
769,12,54.9,후추 10바퀴,,후추,통후추,백후추,
770,12,55.0,식은밥,,식용유,식초,은행,
771,12,55.0,썬 파,,건포도,건표고버섯,다진파,
772,12,55.0,통조림 옥수수,,옥수수콘,옥수수가루,옥수수전분,
773,12,55.0,어린잎 채소,,정어리,채수,민어,
774,12,55.0,된장 크게,,된장,미소된장,간장,
775,12,55.0,표고소금,,표고버섯,건표고버섯,고수,
776,12,55.1,소고기 사태,,소고기,소고기다시다,소고기다짐육,
777,12,55.1,작은양파,,양파가루,양지,은행,
778,12,55.1,구운 김,,고운고춧가루,파김치,갓김치,
779,12,55.1,실온버터,,실파,매실,온수,
780,12,55.1,떡갈비,,떡국떡,갈치,쑥갓,
781,12,55.1,발사믹크림,,발사믹식초,크림치즈,미림,
782,12,55.1,제티,,스파게티면,,,
783,12,55.2,인절미,,로메인,명란젓,창난젓,
784,12,55.2,종지,,닭똥집,양지,마늘종,
785,12,55.2,우동,,우동면,동태,우둔살,
786,12,55.2,샐러드 채소,,채수,셀러리,부채살,
787,12,55.2,소고기불고기용,,불고기용소고기,소고기,국거리용소고기,
788,12,55.2,다시마 5cm,,다시마,다시다,소고기다시다,
789,12,55.2,돼지고기뒷다리살,,돼지고기,돼지고기다짐육,앞다리살,
790,12,55.3,감자 작은크기,,감자,감자전분,쌈장,
791,12,55.3,그라나파다노치즈,,레몬그라스,바나나,오크라,
792,12,55.3,오렌지주스,,오렌지,오레가노,오리고기,
793,12,55.3,다시마 5* 5,,다시마,다시다,소고기다시다,
794,12,55.3,조개,,조기,양조간장,키조개,
795,12,55.3,김치 잘게 썬,,파김치,갓김치,백김치,
796,12,55.3,당근 생략가능,,당근,다진생강,근대,
797,12,55.4,파 다진것,,다진파,다진마늘,다진생강,
798,12,55.4,땅콩소스,,땅콩,강낭콩,프랑크소시지,
799,12,55.4,콘 옥수수,,옥수수콘,옥수수가루,옥수수전분,
800,12,55.4,고구마 중간크기,,고구마,고구마전분,고구마순,
